Workbook

Sheet README
A1: Ground Truth Review
A2: 882 findings collapse to 121 decisions (7.3 findings each)
A4: Work this sheet | B4: Decisions. One row per Checkov check ID. Set a VERDICT on each. Findings is a read-only drill-down that inherits your verdict automatically — you never edit it.
A6: Why by check ID | B6: The keep/drop question is a property of the check, not the instance: 'is missing encryption at rest a security vulnerability?' has one answer regardless of which bucket it fires on. Only 10 of these check IDs span more than one resource type, and in every case the types are semantically equivalent (aws_iam_policy vs aws_iam_role_policy vs aws_iam_user_policy; aws_security_group vs aws_security_group_rule). Severity is not adjudicated per instance either — it does not enter precision, recall, or F1.
A8: keep | B8: A security vulnerability. Every instance enters ground truth; models are expected to find it.
A9: drop | B9: Not a security vulnerability. Excluded from scoring, retained in the audit log.
A10: edit | B10: Security-relevant but miscategorised. Correct it in Revised Category.
A12: Priority order | B12: 1. The 13 'ambiguous' rows first — they are genuine judgement calls and each moves the recall denominator. 2. Spot-check the 31 'operational' rows, pre-triaged to drop. 3. Skim the 77 'security' rows, pre-triaged to keep.
A14: Two corpora | B14: TerraGoat is the primary corpus and sets the headline results. CloudGoat is the generalisation probe. A check ID firing in both is one decision covering both. The Corpora column shows which apply.
A16: Rationale | B16: Required wherever your verdict differs from the pre-triage, and on every 'ambiguous' row. This column is the decision log the method section commits to.
A18: What this does NOT do | B18: It does not find vulnerabilities Checkov missed entirely. That step is separate and applies to the six TerraGoat files only.
A21: Example of a completed row
A22: Checkov ID | B22: CKV_AWS_21
A23: Check Name | B23: Ensure all data stored in the S3 bucket have versioning enabled
A24: Pre-Triage | B24: ambiguous
A25: VERDICT | B25: keep
A26: Revised Category | B26: backup_integrity
A27: Rationale | B27: Versioning is the control that makes object-level ransomware and malicious deletion recoverable. Counted as security at medium severity across all 21 instances.

Sheet Criteria
A1: Classification Criteria
A2: Write these into Section 2 — the method commits to documenting the criteria explicitly.
A4: The test | B4: A finding is a SECURITY vulnerability if it directly creates or widens an attack path — that is, if an attacker's capability against this system is greater with the misconfiguration than without it.
A5: Clear keeps | B5: Missing encryption, public exposure, unrestricted network access, hard-coded credentials, excessive IAM permission, deprecated protocols and runtimes. Each of these hands an attacker something.
A6: Clear drops | B6: Cost, performance, availability, and tagging controls. EBS optimization, lifecycle rules, Multi-AZ, snapshot tag propagation, backup retention, instance sizing. None changes what an attacker can do.
A8: POLICY QUESTION 1 | B8: Do DETECTIVE controls count? Access logging, CloudTrail coverage, query logging, GuardDuty, log encryption. These do not change attacker capability; they change whether you notice. Covers 8 of the 13 ambiguous decisions.
A9: POLICY QUESTION 2 | B9: Do RECOVERY controls count? S3 versioning is the case here. It does not prevent compromise; it determines whether object deletion or ransomware is reversible. Covers 1 decision.
A10: POLICY QUESTION 3 | B10: Do DEFENCE-IN-DEPTH controls count? WAF in front of a public endpoint, ECR image scanning, Bedrock guardrails. These add a protective layer rather than fixing a specific weakness. Covers 4 decisions.
A12: Answer each ONCE | B12: Your answer to each policy question determines every decision in that group. Record the answer in the Rationale column of the first row you decide, then apply it consistently. Consistency is what makes single-rater ground truth defensible (method section 3.7).
A13: Sensitivity analysis | B13: Because these boundaries are contestable, the scoring harness will report primary results under your classification AND how far F1 moves if the ambiguous group flips. Re-scoring is offline and costs nothing — no model re-runs. So a debatable call here is disclosed, not fatal.
A14: Do NOT tune to models | B14: Decide what a security architect would report. Do not choose the classification that makes model scores look better — that is circular and would invalidate the results.

Sheet Decisions
A1: Checkov ID | B1: Check Name | C1: Instances | D1: Files | E1: Corpora | F1: Resource Types | G1: Pre-Triage | H1: Issue Category | I1: CWE | J1: Severity | K1: VERDICT | L1: Revised Category | M1: Rationale
A2: CKV_AWS_18 | B2: Ensure the S3 bucket has access logging enabled | C2: 24 | D2: 15 | E2: cloudgoat-probe, terragoat | F2: aws_s3_bucket | G2: ambiguous | H2: undecided | K2: drop
A3: CKV_AWS_21 | B3: Ensure all data stored in the S3 bucket have versioning enabled | C3: 21 | D3: 15 | E3: cloudgoat-probe, terragoat | F3: aws_s3_bucket | G3: ambiguous | H3: undecided | K3: drop
A4: CKV_AWS_129 | B4: Ensure that respective logs of Amazon Relational Database Service (Amazon RDS) are enabled | C4: 7 | D4: 7 | E4: cloudgoat-probe, terragoat | F4: aws_db_instance | G4: ambiguous | H4: undecided | K4: drop
A5: CKV_AWS_158 | B5: Ensure that CloudWatch Log Group is encrypted by KMS | C5: 7 | D5: 7 | E5: cloudgoat-probe | F5: aws_cloudwatch_log_group | G5: ambiguous | H5: undecided | K5: keep
A6: CKV2_AWS_30 | B6: Ensure Postgres RDS as aws_db_instance has Query Logging enabled | C6: 3 | D6: 3 | E6: cloudgoat-probe | F6: aws_db_instance | G6: ambiguous | H6: undecided | K6: drop
A7: CKV2_AWS_29 | B7: Ensure public API gateway are protected by WAF | C7: 2 | D7: 2 | E7: cloudgoat-probe | F7: aws_api_gateway_stage | G7: ambiguous | H7: undecided | K7: keep
A8: CKV_AWS_76 | B8: Ensure API Gateway has Access Logging enabled | C8: 2 | D8: 2 | E8: cloudgoat-probe | F8: aws_api_gateway_stage | G8: ambiguous | H8: undecided | K8: drop
A9: CKV2_AWS_10 | B9: Ensure CloudTrail trails are integrated with CloudWatch Logs | C9: 1 | D9: 1 | E9: cloudgoat-probe | F9: aws_cloudtrail | G9: ambiguous | H9: undecided | K9: drop
A10: CKV2_AWS_28 | B10: Ensure public facing ALB are protected by WAF | C10: 1 | D10: 1 | E10: cloudgoat-probe | F10: aws_lb | G10: ambiguous | H10: undecided | K10: keep
A11: CKV2_AWS_3 | B11: Ensure GuardDuty is enabled to specific org/region | C11: 1 | D11: 1 | E11: cloudgoat-probe | F11: aws_guardduty_detector | G11: ambiguous | H11: undecided | K11: keep
A12: CKV_AWS_163 | B12: Ensure ECR image scanning on push is enabled | C12: 1 | D12: 1 | E12: cloudgoat-probe | F12: aws_ecr_repository | G12: ambiguous | H12: undecided | K12: drop
A13: CKV_AWS_383 | B13: Ensure AWS Bedrock agent is associated with Bedrock guardrails | C13: 1 | D13: 1 | E13: cloudgoat-probe | F13: aws_bedrockagent_agent | G13: ambiguous | H13: undecided | K13: keep
A14: CKV_AWS_67 | B14: Ensure CloudTrail is enabled in all Regions | C14: 1 | D14: 1 | E14: cloudgoat-probe | F14: aws_cloudtrail | G14: ambiguous | H14: undecided | K14: drop
A15: CKV_AWS_23 | B15: Ensure every security group and rule has a description | C15: 41 | D15: 26 | E15: cloudgoat-probe, terragoat | F15: aws_security_group, aws_security_group_rule | G15: operational | H15: non_security
A16: CKV2_AWS_61 | B16: Ensure that an S3 bucket has a lifecycle configuration | C16: 25 | D16: 15 | E16: cloudgoat-probe, terragoat | F16: aws_s3_bucket | G16: operational | H16: non_security
A17: CKV_AWS_126 | B17: Ensure that detailed monitoring is enabled for EC2 instances | C17: 25 | D17: 21 | E17: cloudgoat-probe, terragoat | F17: aws_instance | G17: operational | H17: non_security
A18: CKV_AWS_135 | B18: Ensure that EC2 is EBS optimized | C18: 25 | D18: 21 | E18: cloudgoat-probe, terragoat | F18: aws_instance | G18: operational | H18: non_security
A19: CKV_AWS_144 | B19: Ensure that S3 bucket has cross-region replication enabled | C19: 25 | D19: 15 | E19: cloudgoat-probe, terragoat | F19: aws_s3_bucket | G19: operational | H19: non_security
A20: CKV2_AWS_62 | B20: Ensure S3 buckets should have event notifications enabled | C20: 24 | D20: 15 | E20: cloudgoat-probe, terragoat | F20: aws_s3_bucket | G20: operational | H20: non_security
A21: CKV2_AWS_11 | B21: Ensure VPC flow logging is enabled in all VPCs | C21: 22 | D21: 21 | E21: cloudgoat-probe | F21: aws_vpc | G21: operational | H21: non_security
A22: CKV_AWS_115 | B22: Ensure that AWS Lambda function is configured for function-level concurrent execution limit | C22: 13 | D22: 13 | E22: cloudgoat-probe, terragoat | F22: aws_lambda_function | G22: operational | H22: non_security
A23: CKV_AWS_116 | B23: Ensure that AWS Lambda function is configured for a Dead Letter Queue(DLQ) | C23: 13 | D23: 13 | E23: cloudgoat-probe, terragoat | F23: aws_lambda_function | G23: operational | H23: non_security
A24: CKV_AWS_50 | B24: X-Ray tracing is enabled for Lambda | C24: 13 | D24: 13 | E24: cloudgoat-probe, terragoat | F24: aws_lambda_function | G24: operational | H24: non_security
A25: CKV2_AWS_60 | B25: Ensure RDS instance with copy tags to snapshots is enabled | C25: 7 | D25: 7 | E25: cloudgoat-probe, terragoat | F25: aws_db_instance | G25: operational | H25: non_security
A26: CKV_AWS_118 | B26: Ensure that enhanced monitoring is enabled for Amazon RDS instances | C26: 7 | D26: 7 | E26: cloudgoat-probe, terragoat | F26: aws_db_instance | G26: operational | H26: non_security
... A45: CKV_AWS_314 | B45: Ensure CodeBuild project environments have a logging configuration | C45: 1 | D45: 1 | E45: cloudgoat-probe | F45: aws_codebuild_project | G45: operational | H45: non_security
A46: CKV_AWS_355 | B46: Ensure no IAM policies documents allow "*" as a statement's resource for restrictable actions | C46: 51 | D46: 31 | E46: cloudgoat-probe, terragoat | F46: aws_iam_policy, aws_iam_role_policy, aws_iam_user_policy | G46: security | H46: iam_wildcard_resource | I46: CWE-732 | J46: high
A47: CKV_AWS_273 | B47: Ensure access is controlled through SSO and not AWS IAM defined users | C47: 41 | D47: 27 | E47: cloudgoat-probe, terragoat | F47: aws_iam_user | G47: security | H47: iam_user_instead_of_sso | I47: CWE-284 | J47: low
A48: CKV_AWS_382 | B48: Ensure no security groups allow egress from 0.0.0.0:0 to port -1 | C48: 34 | D48: 23 | E48: cloudgoat-probe, terragoat | F48: aws_security_group, aws_security_group_rule | G48: security | H48: network_egress_unrestricted | I48: CWE-284 | J48: medium
A49: CKV_AWS_290 | B49: Ensure IAM policies does not allow write access without constraints | C49: 28 | D49: 21 | E49: cloudgoat-probe, terragoat | F49: aws_iam_policy, aws_iam_role_policy, aws_iam_user_policy | G49: security | H49: iam_write_without_constraint | I49: CWE-269 | J49: high
A50: CKV2_AWS_6 | B50: Ensure that S3 bucket has a Public Access block | C50: 24 | D50: 15 | E50: cloudgoat-probe, terragoat | F50: aws_s3_bucket | G50: security | H50: public_access | I50: CWE-284 | J50: high
A51: CKV_AWS_145 | B51: Ensure that S3 buckets are encrypted with KMS by default | C51: 24 | D51: 15 | E51: cloudgoat-probe, terragoat | F51: aws_s3_bucket | G51: security | H51: encryption_at_rest_cmk | I51: CWE-311 | J51: medium
A52: CKV2_AWS_12 | B52: Ensure the default security group of every VPC restricts all traffic | C52: 23 | D52: 22 | E52: cloudgoat-probe, terragoat | F52: aws_vpc | G52: security | H52: network_default_sg_open | I52: CWE-284 | J52: medium
A53: CKV_AWS_79 | B53: Ensure Instance Metadata Service Version 1 is not enabled | C53: 22 | D53: 19 | E53: cloudgoat-probe, terragoat | F53: aws_instance, aws_launch_template | G53: security | H53: imdsv1_enabled | I53: CWE-441 | J53: medium
A54: CKV_AWS_88 | B54: EC2 instance should not have public IP. | C54: 18 | D54: 16 | E54: cloudgoat-probe | F54: aws_instance, aws_launch_template | G54: security | H54: public_ip_assignment | I54: CWE-284 | J54: medium
A55: CKV_AWS_8 | B55: Ensure all data stored in the Launch configuration or instance Elastic Blocks Store is securely encrypted | C55: 16 | D55: 13 | E55: cloudgoat-probe, terragoat | F55: aws_instance | G55: security | H55: encryption_at_rest | I55: CWE-311 | J55: high
A56: CKV_AWS_289 | B56: Ensure IAM policies does not allow permissions management / resource exposure without constraints | C56: 15 | D56: 14 | E56: cloudgoat-probe, terragoat | F56: aws_iam_policy, aws_iam_role_policy, aws_iam_user_policy | G56: security | H56: iam_permissions_management | I56: CWE-269 | J56: high
A57: CKV_AWS_24 | B57: Ensure no security groups allow ingress from 0.0.0.0:0 to port 22 | C57: 14 | D57: 13 | E57: cloudgoat-probe, terragoat | F57: aws_security_group | G57: security | H57: network_ingress_unrestricted | I57: CWE-284 | J57: high
... A122: CKV_AWS_94 | B122: Ensure Glue Data Catalog Encryption is enabled | C122: 1 | D122: 1 | E122: cloudgoat-probe | F122: aws_glue_data_catalog_encryption_settings | G122: security | H122: encryption_at_rest | I122: CWE-311 | J122: high

Sheet Findings
A1: ID | B1: Corpus | C1: File | D1: Resource | E1: Checkov ID | F1: Pre-Triage | G1: Inherited Verdict
A2: GT-001 | B2: terragoat | C2: db-app.tf | D2: aws_db_instance.default | E2: CKV2_AWS_60 | F2: operational | G2: =IFERROR(INDEX(Decisions!$K$2:$K$122,MATCH(E2,Decisions!$A$2:$A$122,0)),"") -> 0
A3: GT-002 | B3: terragoat | C3: db-app.tf | D3: aws_db_instance.default | E3: CKV2_AWS_69 | F3: security | G3: =IFERROR(INDEX(Decisions!$K$2:$K$122,MATCH(E3,Decisions!$A$2:$A$122,0)),"") -> 0
A4: GT-003 | B4: terragoat | C4: db-app.tf | D4: aws_db_instance.default | E4: CKV_AWS_118 | F4: operational | G4: =IFERROR(INDEX(Decisions!$K$2:$K$122,MATCH(E4,Decisions!$A$2:$A$122,0)),"") -> 0
A5: GT-004 | B5: terragoat | C5: db-app.tf | D5: aws_db_instance.default | E5: CKV_AWS_129 | F5: ambiguous | G5: =IFERROR(INDEX(Decisions!$K$2:$K$122,MATCH(E5,Decisions!$A$2:$A$122,0)),"") -> drop
A6: GT-005 | B6: terragoat | C6: db-app.tf | D6: aws_db_instance.default | E6: CKV_AWS_133 | F6: operational | G6: =IFERROR(INDEX(Decisions!$K$2:$K$122,MATCH(E6,Decisions!$A$2:$A$122,0)),"") -> 0
A7: GT-006 | B7: terragoat | C7: db-app.tf | D7: aws_db_instance.default | E7: CKV_AWS_157 | F7: operational | G7: =IFERROR(INDEX(Decisions!$K$2:$K$122,MATCH(E7,Decisions!$A$2:$A$122,0)),"") -> 0
A8: GT-007 | B8: terragoat | C8: db-app.tf | D8: aws_db_instance.default | E8: CKV_AWS_16 | F8: security | G8: =IFERROR(INDEX(Decisions!$K$2:$K$122,MATCH(E8,Decisions!$A$2:$A$122,0)),"") -> 0
A9: GT-008 | B9: terragoat | C9: db-app.tf | D9: aws_db_instance.default | E9: CKV_AWS_161 | F9: security | G9: =IFERROR(INDEX(Decisions!$K$2:$K$122,MATCH(E9,Decisions!$A$2:$A$122,0)),"") -> 0
A10: GT-009 | B10: terragoat | C10: db-app.tf | D10: aws_db_instance.default | E10: CKV_AWS_17 | F10: security | G10: =IFERROR(INDEX(Decisions!$K$2:$K$122,MATCH(E10,Decisions!$A$2:$A$122,0)),"") -> 0
A11: GT-010 | B11: terragoat | C11: db-app.tf | D11: aws_db_instance.default | E11: CKV_AWS_226 | F11: security | G11: =IFERROR(INDEX(Decisions!$K$2:$K$122,MATCH(E11,Decisions!$A$2:$A$122,0)),"") -> 0
A12: GT-011 | B12: terragoat | C12: db-app.tf | D12: aws_db_instance.default | E12: CKV_AWS_293 | F12: operational | G12: =IFERROR(INDEX(Decisions!$K$2:$K$122,MATCH(E12,Decisions!$A$2:$A$122,0)),"") -> 0
A13: GT-012 | B13: terragoat | C13: db-app.tf | D13: aws_iam_role_policy.ec2policy | E13: CKV_AWS_287 | F13: security | G13: =IFERROR(INDEX(Decisions!$K$2:$K$122,MATCH(E13,Decisions!$A$2:$A$122,0)),"") -> 0
... A883: GT-882 | B883: cloudgoat-probe | C883: vulnerable_lambda/secretsmanager.tf | D883: aws_secretsmanager_secret.final_flag | E883: CKV_AWS_149 | F883: security | G883: =IFERROR(INDEX(Decisions!$K$2:$K$122,MATCH(E883,Decisions!$A$2:$A$122,0)),"") -> 0

Sheet Summary
A1: Review Progress
A3: Decisions to make | B3: 121
A4: Adjudicated | B4: =COUNTIF(Decisions!$K$2:$K$122,"<>") -> 13
A5: Remaining | B5: =B3-B4 -> 108
A6: Percent complete | B6: =IFERROR(B4/B3,0) -> 0.10743802
A8: Findings covered | B8: 882
A9: Findings kept (ground truth size) | B9: =SUMIF(Decisions!$K$2:$K$122,"keep",Decisions!$C$2:$C$122)+SUMIF(Decisions!$K$2:$K$122,"edit",Decisions!$C$2:$C$122) -> 12
A10: Findings dropped | B10: =SUMIF(Decisions!$K$2:$K$122,"drop",Decisions!$C$2:$C$122) -> 60
A13: By pre-triage bucket
A14: Bucket | B14: Decisions | C14: Done | D14: Findings
A15: ambiguous | B15: =COUNTIF(Decisions!$G$2:$G$122,"ambiguous") -> 13 | C15: =COUNTIFS(Decisions!$G$2:$G$122,"ambiguous",Decisions!$K$2:$K$122,"<>") -> 13 | D15: =SUMIF(Decisions!$G$2:$G$122,"ambiguous",Decisions!$C$2:$C$122) -> 72
A16: operational | B16: =COUNTIF(Decisions!$G$2:$G$122,"operational") -> 31 | C16: =COUNTIFS(Decisions!$G$2:$G$122,"operational",Decisions!$K$2:$K$122,"<>") -> 0 | D16: =SUMIF(Decisions!$G$2:$G$122,"operational",Decisions!$C$2:$C$122) -> 290
A17: security | B17: =COUNTIF(Decisions!$G$2:$G$122,"security") -> 77 | C17: =COUNTIFS(Decisions!$G$2:$G$122,"security",Decisions!$K$2:$K$122,"<>") -> 0 | D17: =SUMIF(Decisions!$G$2:$G$122,"security",Decisions!$C$2:$C$122) -> 520
A19: Verdict tally
A20: keep | B20: =COUNTIF(Decisions!$K$2:$K$122,"keep") -> 5
A21: drop | B21: =COUNTIF(Decisions!$K$2:$K$122,"drop") -> 8
A22: edit | B22: =COUNTIF(Decisions!$K$2:$K$122,"edit") -> 0
